Albuquerque,
Albuquerque,
ALBUQUERQUE,
Farmington,
Fruitland,
San Juan,
Albuquerque,
Farmington,
WASHINGTON,
Alexandria,
Lecompte,
Allentown,
Shenandoah,
Arlington,
Arlington,
Fort Worth,
Athens,
Macon,
Orlando,
Athens,
Minden,
Athens,
Washington,
D.C.,
Atlanta,
Jack City,
Pittsburgh,
Aubrey,
Aubrey,
Aubrey,
Aubrey,
Dallas,
Aventura,
Baltimore,
Essex,
Bastrop,
Bergholz,
Cleveland,
Hammondsville,
Bergholz,
Cleveland,
Hammondsville,
Irondale,
Bergholz,
Cleveland,
WASHINGTON,
Bergholz,
Hammondsville,
Irondale,
Bergholz,
Hammondsville,
Irondale,
Boise,
Boise,
Middleton,
Nampa,
Boise,
Nampa,
Brandon,
Brandon,
Jackson,
Pearl,
Puckett,
Brandon,
Jackson,
Pearl,
Puckett,
Brandon,
Jackson,
Puckett,
Brandon,
Jackson,
Puckett,
Brandon,
Pearl,
Brandon,
Pearl,
Puckett,
Brandon,
Pearl,
Puckett,
Brandon,
Pearl,
Puckett,
Brandon,
Puckett,
Charleston,
CHATTANOOGA,
Chester,
Chester,
Chico,
SACRAMENTO,
San Francisco,
Cincinnati,
City,
Cleveland,
Toledo,
Cleveland,
Toledo,
Coeur dAlene,
TACOMA,
Vancouver,
Colville,
Spokane,
Colville,
SPOKANE,
Washington,
Compton,
Compton,
Compton,
Corpus Christi,
Corpus Christi,
Corpus Christi,
Corpus Christi,
Corpus Christi,
Robstown,
Corvallis,
Eugene,
Detroit,
Detroit,
Dodge City,
Dodge City,
Dodge City,
Dodge City,
Downsville,
Dubuque,
Dubuque,
Durham,
DurhamU.S,
Raleigh,
Fairfield,
Lake Tahoe,
Sacramento,
Farmington,
Fruitland,
San Juan,
Santa Fe,
Florence,
Fort Worth,
Springtown,
Grand Forks,
St. Paul,
Grand Forks,
St. Paul,
Hardy,
WASHINGTON,
Waldron,
Hardy,
WASHINGTON,
Waldron,
Hill,
Hillsboro,
Portland,
Houston,
Houston,
Houston,
Independence,
Independence,
WASHINGTON,
Jackson,
Jakarta,
Sacramento,
Jasper,
Katy,
Laramie,
Johnsonville,
Johnsonville,
Katy,
Laramie,
Killeen,
Norfolk,
Philadelphia,
West Palm Beach,
Killeen,
Philadelphia,
West Palm Beach,
London,
WASHINGTON,
Los Angeles,
Los Angeles,
Lucedale,
Lucedale,
Marysville,
Marysville,
Marysville,
Marysville,
Sacramento,
Marysville,
Yuba City,
Medford,
WASHINGTON,
Midland,
Midland,
Minneapolis,
Minneapolis,
New York,
Nampa,
Nashville,
Nashville,
New Orleans,
New York,
New York,
Patchogue,
Olathe,
Ozark,
Ozark,
Paris,
Pittsburgh,
Port Gibson,
Sacramento,
San Francisco,
Sacramento,
WASHINGTON,
Salt Lake City,
Salt Lake City,
Salt Lake City,
Sanford,
Sanfords,
Sanfords City,
Scranton,
Shenandoah,
WASHINGTON,
Seagoville,
Seagoville,
Seattle,
Washington,
Shenandoah,
Shenandoah,
WASHINGTON,
Wilkes-Barre,
Springfield,
Springtown,
Tampa,
Toledo,
Virginia Beach,
WASHINGTON,
Washington,
Washington,
